{
  "IcoMoonType": "selection",
  "icons": [
    {
      "icon": {
        "paths": [
          "M475.429 292.571c0-60.571-49.143-109.714-109.714-109.714s-109.714 49.143-109.714 109.714c0 16.571 4 32.571 10.857 47.429-14.857-6.857-30.857-10.857-47.429-10.857-60.571 0-109.714 49.143-109.714 109.714s49.143 109.714 109.714 109.714 109.714-49.143 109.714-109.714c0-16.571-4-32.571-10.857-47.429 14.857 6.857 30.857 10.857 47.429 10.857 60.571 0 109.714-49.143 109.714-109.714zM961.714 694.857c0 13.143-52.571 65.714-65.714 65.714-14.857 0-61.143-53.714-73.143-65.714l-54.857 54.857 125.714 125.714c10.286 10.286 16 24.571 16 38.857 0 32-36.571 68.571-68.571 68.571-14.286 0-28.571-5.714-38.857-16l-383.429-383.429c-60 44.571-133.143 74.857-208.571 74.857-124.571 0-210.286-86.286-210.286-210.286 0-187.429 187.429-374.857 374.857-374.857 124 0 210.286 85.714 210.286 210.286 0 75.429-30.286 148.571-74.857 208.571l202.857 202.857 54.857-54.857c-12-12-65.714-58.286-65.714-73.143 0-13.143 52.571-65.714 65.714-65.714 4.571 0 9.714 2.286 13.143 5.714 21.143 21.143 180.571 171.429 180.571 188z"
        ],
        "width": 961.6822857142856,
        "attrs": [],
        "isMulticolor": false,
        "isMulticolor2": false,
        "tags": [
          "key"
        ],
        "defaultCode": 61572,
        "grid": 14
      },
      "attrs": [],
      "properties": {
        "name": "key2",
        "id": 125,
        "order": 5,
        "prevSize": 28,
        "code": 61572
      },
      "setIdx": 0,
      "setId": 2,
      "iconIdx": 125
    },
    {
      "icon": {
        "paths": [
          "M512 930.857l365.714-199.429v-363.429l-365.714 133.143v429.714zM475.429 436.571l398.857-145.143-398.857-145.143-398.857 145.143zM950.857 292.571v438.857c0 26.857-14.857 51.429-38.286 64l-402.286 219.429c-10.857 6.286-22.857 9.143-34.857 9.143s-24-2.857-34.857-9.143l-402.286-219.429c-23.429-12.571-38.286-37.143-38.286-64v-438.857c0-30.857 19.429-58.286 48-68.571l402.286-146.286c8-2.857 16.571-4.571 25.143-4.571s17.143 1.714 25.143 4.571l402.286 146.286c28.571 10.286 48 37.714 48 68.571z"
        ],
        "width": 950.8571428571428,
        "attrs": [],
        "isMulticolor": false,
        "isMulticolor2": false,
        "tags": [
          "cube"
        ],
        "defaultCode": 61874,
        "grid": 14
      },
      "attrs": [],
      "properties": {
        "name": "cube",
        "id": 393,
        "order": 6,
        "prevSize": 28,
        "code": 61874
      },
      "setIdx": 0,
      "setId": 2,
      "iconIdx": 393
    },
    {
      "icon": {
        "paths": [
          "M704 0c-176.73 0-320 143.268-320 320 0 20.026 1.858 39.616 5.376 58.624l-389.376 389.376v192c0 35.346 28.654 64 64 64h64v-64h128v-128h128v-128h128l83.042-83.042c34.010 12.316 70.696 19.042 108.958 19.042 176.73 0 320-143.268 320-320s-143.27-320-320-320zM799.874 320.126c-53.020 0-96-42.98-96-96s42.98-96 96-96 96 42.98 96 96-42.98 96-96 96z"
        ],
        "attrs": [],
        "isMulticolor": false,
        "tags": [
          "key",
          "password",
          "login",
          "signin"
        ],
        "grid": 16
      },
      "attrs": [],
      "properties": {
        "order": 2,
        "prevSize": 16,
        "ligatures": "key, password",
        "name": "key",
        "id": 142,
        "code": 59649
      },
      "setIdx": 2,
      "setId": 0,
      "iconIdx": 141
    },
    {
      "icon": {
        "paths": [
          "M864 704c-45.16 0-85.92 18.738-115.012 48.83l-431.004-215.502c1.314-8.252 2.016-16.706 2.016-25.328s-0.702-17.076-2.016-25.326l431.004-215.502c29.092 30.090 69.852 48.828 115.012 48.828 88.366 0 160-71.634 160-160s-71.634-160-160-160-160 71.634-160 160c0 8.622 0.704 17.076 2.016 25.326l-431.004 215.504c-29.092-30.090-69.852-48.83-115.012-48.83-88.366 0-160 71.636-160 160 0 88.368 71.634 160 160 160 45.16 0 85.92-18.738 115.012-48.828l431.004 215.502c-1.312 8.25-2.016 16.704-2.016 25.326 0 88.368 71.634 160 160 160s160-71.632 160-160c0-88.364-71.634-160-160-160z"
        ],
        "attrs": [],
        "isMulticolor": false,
        "tags": [
          "share",
          "social"
        ],
        "grid": 16
      },
      "attrs": [],
      "properties": {
        "order": 3,
        "prevSize": 16,
        "ligatures": "share2, social",
        "name": "share2",
        "id": 387,
        "code": 59650
      },
      "setIdx": 2,
      "setId": 0,
      "iconIdx": 386
    }
  ],
  "height": 1024,
  "metadata": {
    "name": "icomoon"
  },
  "preferences": {
    "showGlyphs": true,
    "showQuickUse": true,
    "showQuickUse2": true,
    "showSVGs": true,
    "fontPref": {
      "prefix": "icon-",
      "metadata": {
        "fontFamily": "icomoon"
      },
      "metrics": {
        "emSize": 1024,
        "baseline": 6.25,
        "whitespace": 50
      },
      "embed": false
    },
    "imagePref": {
      "prefix": "icon-",
      "png": true,
      "useClassSelector": true,
      "color": 0,
      "bgColor": 16777215,
      "classSelector": ".icon"
    },
    "historySize": 100,
    "showCodes": true,
    "gridSize": 16
  }
}